{
  "10.18653/v1/2020.acl-main.127": 4,
  "10.18653/v1/2020.acl-main.131": 143,
  "10.18653/v1/2020.acl-main.14": 30,
  "10.18653/v1/2020.acl-main.171": 23,
  "10.18653/v1/2020.acl-main.199": 27,
  "10.18653/v1/2020.acl-main.203": 1,
  "10.18653/v1/2020.acl-main.211": 11,
  "10.18653/v1/2020.acl-main.227": 16,
  "10.18653/v1/2020.acl-main.236": 4,
  "10.18653/v1/2020.acl-main.293": 187,
  "10.18653/v1/2020.acl-main.327": 13,
  "10.18653/v1/2020.acl-main.377": 1,
  "10.18653/v1/2020.acl-main.391": 121,
  "10.18653/v1/2020.acl-main.401": 129,
  "10.18653/v1/2020.acl-main.404": 19,
  "10.18653/v1/2020.acl-main.43": 6,
  "10.18653/v1/2020.acl-main.48": 383,
  "10.18653/v1/2020.acl-main.606": 5,
  "10.18653/v1/2020.acl-main.614": 1,
  "10.18653/v1/2020.acl-main.627": 92,
  "10.18653/v1/2020.acl-main.682": 12,
  "10.18653/v1/2020.acl-main.744": 2,
  "10.18653/v1/2020.acl-main.767": 1,
  "10.18653/v1/2020.acl-main.81": 135,
  "10.18653/v1/2020.acl-main.85": 34,
  "10.3115/1034678.1034704": 18,
  "10.3115/1034678.1034707": 46,
  "10.3115/1034678.1034712": 141,
  "10.3115/1034678.1034738": 12,
  "10.3115/1034678.1034743": 47,
  "10.3115/1073012.1073058": 24,
  "10.3115/1073012.1073062": 64,
  "10.3115/1073012.1073082": 24,
  "10.3115/1073083.1073102": 709,
  "10.3115/1073083.1073104": 14,
  "10.3115/1073083.1073163": 721,
  "10.3115/1073083.1073168": 73,
  "10.3115/1075096.1075100": 207,
  "10.3115/1075096.1075105": 81,
  "10.3115/1075096.1075129": 33,
  "10.3115/1075218.1075239": 10,
  "10.3115/1075218.1075243": 48,
  "10.3115/1075218.1075255": 538,
  "10.3115/1075218.1075272": 7,
  "10.3115/1075218.1075280": 32,
  "10.3115/1218955.1218971": 37,
  "10.3115/1218955.1218978": 92,
  "10.3115/1218955.1218983": 1,
  "10.3115/1218955.1218987": 26,
  "10.3115/1218955.1218990": 3331,
  "10.3115/1218955.1218993": 9,
  "10.3115/1218955.1219004": 21,
  "10.3115/1218955.1219010": 259,
  "10.3115/1218955.1219014": 48,
  "10.3115/1219840.1219864": 47,
  "10.3115/1219840.1219866": 70,
  "10.3115/1220175.1220190": 535,
  "10.3115/1220175.1220193": 21,
  "10.3115/1220175.1220273": 52,
  "10.3115/1220175.1220310": 11,
  "10.3115/976909.979618": 12,
  "10.3115/976909.979619": 5,
  "10.3115/976909.979637": 35,
  "10.3115/976909.979658": 98,
  "10.3115/981175.981191": 7,
  "10.3115/981175.981203": 19,
  "10.3115/981175.981207": 8,
  "10.3115/981210.981240": 25,
  "10.3115/981251.981254": 9,
  "10.3115/981251.981266": 2,
  "10.3115/981344.981359": 24,
  "10.3115/981344.981370": 5,
  "10.3115/981436.981448": 2,
  "10.3115/981436.981451": 4,
  "10.3115/981436.981454": 2,
  "10.3115/981436.981474": 0,
  "10.3115/981436.981477": 1,
  "10.3115/981574.981587": 6,
  "10.3115/981574.981616": 203,
  "10.3115/981623.981626": 11,
  "10.3115/981658.981675": 176,
  "10.3115/981658.981678": 0,
  "10.3115/981658.981709": 256,
  "10.3115/981732.981750": 13,
  "10.3115/981732.981754": 30,
  "10.3115/981732.981779": 12,
  "10.3115/981823.981837": 10,
  "10.3115/981823.981843": 25,
  "10.3115/981923.981932": 2,
  "10.3115/981923.981952": 1,
  "10.3115/981923.981958": 8,
  "10.3115/981967.981968": 48,
  "10.3115/981967.981971": 45,
  "10.3115/981967.981981": 61,
  "10.3115/981967.981991": 88,
  "10.3115/981967.981997": 52,
  "10.3115/981967.982006": 3,
  "10.3115/981967.982009": 6,
  "10.3115/982163.982165": 2,
  "10.3115/982163.982170": 29
}