{
  "10.18653/v1/2020.acl-main.118": 2,
  "10.18653/v1/2020.acl-main.121": 51,
  "10.18653/v1/2020.acl-main.127": 4,
  "10.18653/v1/2020.acl-main.128": 185,
  "10.18653/v1/2020.acl-main.131": 143,
  "10.18653/v1/2020.acl-main.14": 30,
  "10.18653/v1/2020.acl-main.165": 26,
  "10.18653/v1/2020.acl-main.169": 6,
  "10.18653/v1/2020.acl-main.171": 23,
  "10.18653/v1/2020.acl-main.199": 27,
  "10.18653/v1/2020.acl-main.203": 1,
  "10.18653/v1/2020.acl-main.211": 11,
  "10.18653/v1/2020.acl-main.227": 16,
  "10.18653/v1/2020.acl-main.233": 167,
  "10.18653/v1/2020.acl-main.236": 4,
  "10.18653/v1/2020.acl-main.237": 13,
  "10.18653/v1/2020.acl-main.247": 9,
  "10.18653/v1/2020.acl-main.265": 7,
  "10.18653/v1/2020.acl-main.287": 45,
  "10.18653/v1/2020.acl-main.293": 187,
  "10.18653/v1/2020.acl-main.303": 1,
  "10.18653/v1/2020.acl-main.327": 13,
  "10.18653/v1/2020.acl-main.328": 10,
  "10.18653/v1/2020.acl-main.331": 441,
  "10.18653/v1/2020.acl-main.343": 361,
  "10.18653/v1/2020.acl-main.377": 1,
  "10.18653/v1/2020.acl-main.386": 22,
  "10.18653/v1/2020.acl-main.391": 121,
  "10.18653/v1/2020.acl-main.401": 129,
  "10.18653/v1/2020.acl-main.404": 19,
  "10.18653/v1/2020.acl-main.43": 6,
  "10.18653/v1/2020.acl-main.438": 6,
  "10.18653/v1/2020.acl-main.450": 311,
  "10.18653/v1/2020.acl-main.48": 383,
  "10.18653/v1/2020.acl-main.487": 257,
  "10.18653/v1/2020.acl-main.498": 22,
  "10.18653/v1/2020.acl-main.526": 62,
  "10.18653/v1/2020.acl-main.536": 208,
  "10.18653/v1/2020.acl-main.552": 408,
  "10.18653/v1/2020.acl-main.596": 7,
  "10.18653/v1/2020.acl-main.606": 5,
  "10.18653/v1/2020.acl-main.609": 8,
  "10.18653/v1/2020.acl-main.614": 1,
  "10.18653/v1/2020.acl-main.623": 1,
  "10.18653/v1/2020.acl-main.624": 42,
  "10.18653/v1/2020.acl-main.627": 92,
  "10.18653/v1/2020.acl-main.659": 1,
  "10.18653/v1/2020.acl-main.682": 12,
  "10.18653/v1/2020.acl-main.683": 33,
  "10.18653/v1/2020.acl-main.692": 13,
  "10.18653/v1/2020.acl-main.694": 2,
  "10.18653/v1/2020.acl-main.704": 40,
  "10.18653/v1/2020.acl-main.708": 116,
  "10.18653/v1/2020.acl-main.716": 1,
  "10.18653/v1/2020.acl-main.740": 93,
  "10.18653/v1/2020.acl-main.742": 76,
  "10.18653/v1/2020.acl-main.744": 2,
  "10.18653/v1/2020.acl-main.747": 539,
  "10.18653/v1/2020.acl-main.767": 1,
  "10.18653/v1/2020.acl-main.81": 135,
  "10.18653/v1/2020.acl-main.82": 200,
  "10.18653/v1/2020.acl-main.85": 34,
  "10.18653/v1/2020.acl-main.98": 154,
  "10.3115/1034678.1034691": 1,
  "10.3115/1034678.1034704": 18,
  "10.3115/1034678.1034707": 46,
  "10.3115/1034678.1034712": 141,
  "10.3115/1034678.1034728": 23,
  "10.3115/1034678.1034738": 12,
  "10.3115/1034678.1034743": 47,
  "10.3115/1073012.1073017": 679,
  "10.3115/1073012.1073030": 6,
  "10.3115/1073012.1073042": 234,
  "10.3115/1073012.1073058": 24,
  "10.3115/1073012.1073062": 64,
  "10.3115/1073012.1073082": 24,
  "10.3115/1073083.1073086": 79,
  "10.3115/1073083.1073102": 709,
  "10.3115/1073083.1073104": 14,
  "10.3115/1073083.1073109": 190,
  "10.3115/1073083.1073163": 721,
  "10.3115/1073083.1073168": 73,
  "10.3115/1075096.1075098": 370,
  "10.3115/1075096.1075100": 207,
  "10.3115/1075096.1075105": 81,
  "10.3115/1075096.1075129": 33,
  "10.3115/1075096.1075144": 152,
  "10.3115/1075218.1075219": 33,
  "10.3115/1075218.1075239": 10,
  "10.3115/1075218.1075243": 48,
  "10.3115/1075218.1075255": 538,
  "10.3115/1075218.1075272": 7,
  "10.3115/1075218.1075280": 32,
  "10.3115/1075218.1075285": 22,
  "10.3115/1218955.1218957": 125,
  "10.3115/1218955.1218967": 28,
  "10.3115/1218955.1218971": 37,
  "10.3115/1218955.1218977": 41,
  "10.3115/1218955.1218978": 92,
  "10.3115/1218955.1218983": 1,
  "10.3115/1218955.1218987": 26,
  "10.3115/1218955.1218990": 3331,
  "10.3115/1218955.1218993": 9,
  "10.3115/1218955.1219004": 21,
  "10.3115/1218955.1219010": 259,
  "10.3115/1218955.1219014": 48,
  "10.3115/1219840.1219855": 2132,
  "10.3115/1219840.1219864": 47,
  "10.3115/1219840.1219866": 70,
  "10.3115/1219840.1219906": 619,
  "10.3115/1219840.1219915": 85,
  "10.3115/1220175.1220186": 165,
  "10.3115/1220175.1220190": 535,
  "10.3115/1220175.1220193": 21,
  "10.3115/1220175.1220202": 130,
  "10.3115/1220175.1220273": 52,
  "10.3115/1220175.1220277": 83,
  "10.3115/1220175.1220309": 296,
  "10.3115/1220175.1220310": 11,
  "10.3115/1220175.1220318": 54,
  "10.3115/976909.979618": 12,
  "10.3115/976909.979619": 5,
  "10.3115/976909.979637": 35,
  "10.3115/976909.979642": 0,
  "10.3115/976909.979645": 11,
  "10.3115/976909.979653": 174,
  "10.3115/976909.979658": 98,
  "10.3115/976909.979661": 1,
  "10.3115/976909.979664": 112,
  "10.3115/976909.979679": 60,
  "10.3115/981131.981155": 2,
  "10.3115/981131.981169": 2,
  "10.3115/981131.981170": 36,
  "10.3115/981175.981191": 7,
  "10.3115/981175.981193": 12,
  "10.3115/981175.981203": 19,
  "10.3115/981175.981207": 8,
  "10.3115/981210.981240": 25,
  "10.3115/981210.981243": 9,
  "10.3115/981251.981254": 9,
  "10.3115/981251.981263": 3,
  "10.3115/981251.981266": 2,
  "10.3115/981311.981331": 23,
  "10.3115/981311.981336": 133,
  "10.3115/981311.981342": 6,
  "10.3115/981344.981359": 24,
  "10.3115/981344.981370": 5,
  "10.3115/981344.981396": 2,
  "10.3115/981436.981448": 2,
  "10.3115/981436.981451": 4,
  "10.3115/981436.981454": 2,
  "10.3115/981436.981474": 0,
  "10.3115/981436.981475": 4,
  "10.3115/981436.981477": 1,
  "10.3115/981436.981478": 18,
  "10.3115/981436.981486": 3,
  "10.3115/981574.981587": 6,
  "10.3115/981574.981616": 203,
  "10.3115/981623.981626": 11,
  "10.3115/981658.981667": 0,
  "10.3115/981658.981669": 26,
  "10.3115/981658.981675": 176,
  "10.3115/981658.981678": 0,
  "10.3115/981658.981686": 28,
  "10.3115/981658.981706": 4,
  "10.3115/981658.981709": 256,
  "10.3115/981658.981710": 0,
  "10.3115/981658.981714": 8,
  "10.3115/981732.981748": 34,
  "10.3115/981732.981750": 13,
  "10.3115/981732.981754": 30,
  "10.3115/981732.981764": 62,
  "10.3115/981732.981779": 12,
  "10.3115/981823.981831": 10,
  "10.3115/981823.981836": 57,
  "10.3115/981823.981837": 10,
  "10.3115/981823.981843": 25,
  "10.3115/981863.981914": 3,
  "10.3115/981863.981915": 13,
  "10.3115/981923.981932": 2,
  "10.3115/981923.981943": 14,
  "10.3115/981923.981952": 1,
  "10.3115/981923.981957": 60,
  "10.3115/981923.981958": 8,
  "10.3115/981923.981965": 27,
  "10.3115/981967.981968": 48,
  "10.3115/981967.981971": 45,
  "10.3115/981967.981974": 8,
  "10.3115/981967.981977": 34,
  "10.3115/981967.981981": 61,
  "10.3115/981967.981991": 88,
  "10.3115/981967.981997": 52,
  "10.3115/981967.982006": 3,
  "10.3115/981967.982009": 6,
  "10.3115/982023.982047": 8,
  "10.3115/982163.982165": 2,
  "10.3115/982163.982170": 29,
  "10.3115/982163.982185": 0,
  "10.3115/982163.982187": 6,
  "10.3115/982163.982192": 15
}